case_id,decline_code_bucket,decline_code,retry_attempt_number,hours_since_last_attempt,customer_tenure_days,ltv_tier,historical_ptp_honor_rate,time_of_day_bucket,day_of_week,issuer_bank_risk_tier,payment_rail,amount,amount_vs_historical_avg,is_peak_execution_window,prior_retry_success_count,guardrail_flags,outcome
case_0000,AMBIGUOUS,05_do_not_honor,2,6.78,1758,medium,0.3495333555864037,afternoon,sat,low_risk,emandate,654.86,1.0331810424566996,False,0,,1
case_0001,AMBIGUOUS,issuer_unavailable,1,56.04,358,low,0.686988518056919,evening,sat,low_risk,emandate,662.42,0.8511437719391624,False,0,,0
case_0002,AMBIGUOUS,generic_decline,3,57.94,700,medium,0.5417144432973053,early_morning,thu,medium_risk,card,826.98,0.8456897608251306,True,2,,1
case_0004,CLEAR_HARD,stolen_card,2,1.64,144,medium,0.33661488935461714,evening,tue,low_risk,upi_autopay,1045.41,0.5564308009080791,True,0,peak_window_risk;hard_decline,0
case_0005,AMBIGUOUS,05_do_not_honor,4,69.78,1412,medium,0.49325469862593313,evening,wed,medium_risk,upi_autopay,767.79,0.6854737474202335,False,2,npci_retry_cap_reached,0
case_0008,CLEAR_HARD,stolen_card,3,65.95,399,medium,0.6925590838804724,evening,wed,medium_risk,upi_autopay,1070.14,0.8782503170796381,True,0,peak_window_risk;hard_decline,0
case_0009,AMBIGUOUS,issuer_unavailable,4,64.33,953,medium,0.34632289971483365,afternoon,mon,low_risk,upi_autopay,2952.94,1.3702304979081954,False,3,npci_retry_cap_reached,0
case_0010,CLEAR_HARD,lost_card,4,55.97,1749,low,0.504210554618854,morning,thu,medium_risk,card,527.8,0.7901003072406342,False,0,hard_decline,0
case_0011,CLEAR_SOFT,insufficient_funds,1,21.67,887,high,0.5176480180960532,evening,sat,low_risk,emandate,1257.57,1.6476865188215462,False,0,anomalous_amount,1
case_0012,AMBIGUOUS,05_do_not_honor,2,7.86,1483,low,0.5999136304320474,early_morning,mon,high_risk,upi_autopay,454.76,1.404063235582524,False,1,,0
case_0013,AMBIGUOUS,05_do_not_honor,1,10.52,1469,low,0.6741673850093838,afternoon,mon,low_risk,card,1260.55,0.9014049379870734,False,0,,1
case_0014,CLEAR_SOFT,expired_card_soft,1,61.28,76,low,0.8482644998311911,night,mon,medium_risk,upi_autopay,1283.89,1.0184022493974447,False,0,,1
case_0016,CLEAR_SOFT,insufficient_funds,1,68.32,1675,low,0.4940848471085736,morning,sat,low_risk,upi_autopay,1985.75,0.7798907200356127,False,0,,1
case_0017,CLEAR_SOFT,51_insufficient_funds,2,6.08,1683,high,0.2712183792071997,evening,mon,medium_risk,card,733.12,1.1264076855466083,False,0,,1
case_0018,CLEAR_SOFT,51_insufficient_funds,2,35.44,1070,low,0.12478743370126763,morning,fri,low_risk,upi_autopay,1261.08,1.0650853583577995,False,1,,0
case_0019,CLEAR_SOFT,insufficient_funds,1,27.6,1302,high,0.5530520465152986,morning,sat,low_risk,emandate,4431.94,0.8546883138461445,False,0,,1
case_0020,CLEAR_HARD,invalid_account,1,21.27,813,low,0.593135198066783,night,mon,high_risk,card,736.99,1.0684197693217028,False,0,hard_decline,0
case_0021,CLEAR_SOFT,51_insufficient_funds,1,14.27,1646,low,0.8588973822350682,early_morning,wed,low_risk,card,1719.28,0.9472150094929263,False,0,,0
case_0022,AMBIGUOUS,05_do_not_honor,1,36.33,1342,high,0.5860067035812044,night,thu,medium_risk,card,1388.11,0.7948151878085026,False,0,,0
case_0023,CLEAR_HARD,stolen_card,1,70.56,831,medium,0.3166416029691724,night,thu,medium_risk,card,2140.42,1.0777860883899761,False,0,hard_decline,0
case_0024,CLEAR_SOFT,insufficient_funds,1,21.94,775,medium,0.8380813876751639,evening,sun,low_risk,card,3506.38,1.1952139855625241,False,0,,1
case_0026,CLEAR_SOFT,insufficient_funds,1,20.2,596,low,0.5879492445049268,evening,tue,medium_risk,upi_autopay,445.19,0.320628880278205,False,0,anomalous_amount,1
case_0027,AMBIGUOUS,generic_decline,1,27.92,1152,low,0.7316393480391226,night,thu,medium_risk,upi_autopay,2444.19,1.0280953925304146,False,0,,0
case_0028,CLEAR_SOFT,insufficient_funds,3,10.85,318,low,0.20099872075727587,early_morning,mon,low_risk,card,667.98,1.0455251669714798,False,2,,0
case_0030,CLEAR_SOFT,insufficient_funds,1,66.78,809,medium,0.6478872946110017,afternoon,sat,low_risk,card,942.46,0.9594638560346024,False,0,,0
case_0032,AMBIGUOUS,05_do_not_honor,2,39.99,1451,high,0.4892608458845053,evening,fri,medium_risk,upi_autopay,675.9,0.7535113837668052,True,1,peak_window_risk,1
case_0033,CLEAR_HARD,lost_card,4,48.76,45,high,1.0,morning,sun,medium_risk,card,910.24,0.9275347589839399,False,1,hard_decline,0
case_0035,CLEAR_SOFT,insufficient_funds,2,30.27,1726,medium,0.8217774055931149,morning,thu,medium_risk,upi_autopay,1756.2,1.0242276049585086,False,0,,1
case_0036,CLEAR_SOFT,51_insufficient_funds,4,57.02,1423,medium,0.7839708127657524,morning,wed,medium_risk,card,849.91,1.0568089142507107,True,0,,1
case_0037,AMBIGUOUS,05_do_not_honor,1,4.72,816,low,0.44264075731541047,afternoon,tue,low_risk,card,960.14,1.1417642923663196,True,0,,0
case_0041,CLEAR_HARD,lost_card,1,9.07,242,low,0.5575216763281947,evening,fri,low_risk,emandate,1273.18,0.9995810239431463,False,0,hard_decline,0
case_0042,CLEAR_SOFT,insufficient_funds,1,47.78,1503,medium,0.6454693221245766,afternoon,thu,medium_risk,upi_autopay,2374.16,1.2353840902486999,False,0,,1
case_0043,CLEAR_SOFT,51_insufficient_funds,2,37.46,724,high,0.36013498299210145,morning,fri,high_risk,card,1327.32,0.6385097847499303,False,0,,0
case_0044,AMBIGUOUS,generic_decline,1,52.64,1432,low,0.6458339460465462,afternoon,sat,low_risk,upi_autopay,3439.34,1.0955113762716717,False,0,,0
case_0045,CLEAR_SOFT,51_insufficient_funds,1,29.46,1077,medium,0.6111391850912529,morning,fri,low_risk,upi_autopay,1635.89,0.7118407708593634,False,0,,1
case_0046,AMBIGUOUS,05_do_not_honor,1,37.58,842,low,0.23917347043799875,morning,tue,low_risk,card,1030.65,1.0051218515388611,False,0,,0
case_0047,AMBIGUOUS,05_do_not_honor,5,21.92,957,high,0.3969367320780002,early_morning,sat,medium_risk,card,653.67,1.0285705149781956,False,0,,0
case_0048,AMBIGUOUS,05_do_not_honor,1,64.52,181,high,0.2790600007805793,evening,mon,high_risk,emandate,615.39,1.1846423851719436,False,0,,0
case_0049,CLEAR_SOFT,51_insufficient_funds,5,37.27,880,medium,0.4759007842878068,night,sat,low_risk,emandate,1562.01,0.7424159708583943,True,4,,0
case_0050,CLEAR_SOFT,51_insufficient_funds,4,33.48,715,low,0.8298492112595931,early_morning,sat,medium_risk,card,1095.37,1.170611678838809,False,2,,1
case_0051,CLEAR_HARD,stolen_card,1,4.47,825,low,0.35044481843523767,afternoon,sat,medium_risk,emandate,468.67,1.1208072863659173,False,0,hard_decline,1
case_0052,CLEAR_SOFT,insufficient_funds,2,32.37,1601,medium,0.36743255544689674,afternoon,sun,medium_risk,upi_autopay,1179.34,1.069955777934349,False,1,,1
case_0053,CLEAR_SOFT,insufficient_funds,2,6.6,1195,medium,0.3054585091217514,evening,tue,medium_risk,card,1131.51,0.9229112903977981,False,0,,1
case_0054,AMBIGUOUS,generic_decline,1,68.61,1098,medium,0.6470460702203324,evening,thu,high_risk,upi_autopay,1981.64,0.9175742358444519,False,0,,1
case_0055,CLEAR_SOFT,51_insufficient_funds,2,24.06,431,high,0.5790009985096748,afternoon,mon,low_risk,card,2652.37,1.0535239269779997,False,0,,1
case_0056,CLEAR_HARD,invalid_account,2,61.96,300,low,0.5748981932385533,early_morning,wed,high_risk,card,634.14,1.1158435900310797,False,1,hard_decline,0
case_0057,AMBIGUOUS,generic_decline,1,19.49,1586,low,0.21384337162247366,night,wed,medium_risk,card,739.79,1.3487437253918504,False,0,,0
case_0058,AMBIGUOUS,05_do_not_honor,1,3.7,1193,medium,0.13286965087874192,evening,sat,low_risk,card,949.31,1.0263963212099267,True,0,,0
case_0059,CLEAR_SOFT,insufficient_funds,2,0.04,781,low,0.42318864264289885,night,tue,medium_risk,card,726.68,1.2957287817733045,False,1,,1
case_0060,CLEAR_SOFT,51_insufficient_funds,3,33.46,632,low,0.4375248320104901,early_morning,sat,low_risk,upi_autopay,1953.92,1.0319078066159242,False,2,,1
case_0061,AMBIGUOUS,05_do_not_honor,5,15.9,1177,medium,0.07846722293258519,morning,thu,medium_risk,emandate,349.02,0.9243937598279235,False,0,,1
case_0062,AMBIGUOUS,05_do_not_honor,2,37.58,579,medium,0.861931435602322,evening,tue,high_risk,card,2749.21,1.2088196637970552,True,0,,1
case_0063,CLEAR_HARD,stolen_card,1,7.14,365,low,0.6033149533390908,morning,thu,low_risk,upi_autopay,1866.94,0.8831051231545343,False,0,hard_decline,0
case_0064,CLEAR_SOFT,51_insufficient_funds,1,8.78,1533,high,0.7642427811599861,morning,thu,medium_risk,card,1540.27,0.822960001737832,False,0,,0
case_0065,CLEAR_SOFT,insufficient_funds,5,42.1,239,low,0.8602055949920692,night,thu,medium_risk,card,856.38,0.5937284653386973,False,2,,0
case_0066,CLEAR_SOFT,51_insufficient_funds,2,39.92,588,low,0.6204389118396423,evening,thu,medium_risk,card,1023.21,0.8491715114630145,False,0,,1
case_0067,CLEAR_SOFT,expired_card_soft,5,41.69,0,medium,0.32868046876692114,evening,tue,low_risk,card,1274.45,0.7070311717274009,False,2,,1
case_0069,CLEAR_SOFT,51_insufficient_funds,2,60.32,520,high,0.7688237324826901,evening,fri,low_risk,card,429.35,1.098702720010617,False,1,,1
case_0070,CLEAR_SOFT,insufficient_funds,1,68.21,735,high,0.20689499929692753,morning,mon,low_risk,card,799.49,0.8883648768024375,True,0,,0
case_0072,AMBIGUOUS,generic_decline,1,59.76,1762,high,0.4020145920778159,afternoon,tue,medium_risk,emandate,199.0,0.9219309665585124,False,0,,1
case_0074,CLEAR_SOFT,51_insufficient_funds,2,45.07,357,medium,0.12299441984521108,night,wed,high_risk,emandate,1115.23,0.9417398038399108,False,0,,0
case_0075,CLEAR_SOFT,insufficient_funds,2,16.46,1310,high,0.6932456217832531,night,thu,high_risk,upi_autopay,518.85,1.21335364330554,True,1,peak_window_risk,1
case_0076,CLEAR_SOFT,expired_card_soft,2,33.77,1605,low,0.6645657225430492,afternoon,tue,medium_risk,card,3200.91,1.1267583016588103,False,1,,0
case_0077,CLEAR_SOFT,51_insufficient_funds,2,53.03,806,medium,0.5196775491759649,evening,tue,low_risk,upi_autopay,457.47,0.9993435614554051,False,0,,1
case_0078,AMBIGUOUS,05_do_not_honor,3,25.75,866,low,0.4943677515029097,afternoon,wed,medium_risk,upi_autopay,550.02,1.0975609916615903,False,1,,1
case_0079,CLEAR_SOFT,insufficient_funds,1,28.23,433,low,0.3865139336366572,night,tue,medium_risk,card,714.14,1.2728868381941199,False,0,,1
case_0080,AMBIGUOUS,issuer_unavailable,2,56.98,847,low,0.07666418096599417,evening,sat,low_risk,emandate,616.68,1.0804616592635203,False,1,,0
case_0081,AMBIGUOUS,05_do_not_honor,1,43.65,1663,medium,0.8643352821456219,night,sat,medium_risk,card,752.18,0.8782823562309999,False,0,,1
case_0082,CLEAR_SOFT,51_insufficient_funds,4,58.64,413,high,0.8417607120870746,afternoon,fri,low_risk,card,458.45,0.7237455330306722,False,3,,0
case_0083,AMBIGUOUS,05_do_not_honor,1,58.32,158,medium,0.10141553400482033,evening,sun,medium_risk,card,707.87,1.1057805405078132,False,0,,0
case_0084,AMBIGUOUS,generic_decline,1,7.04,821,low,0.6724239309639707,evening,tue,low_risk,upi_autopay,1068.97,0.9833881389206333,False,0,,0
case_0086,CLEAR_HARD,lost_card,2,53.62,1440,low,0.19970831370334932,night,sat,high_risk,emandate,2353.67,1.0987038341436386,False,1,hard_decline,0
case_0087,CLEAR_SOFT,51_insufficient_funds,3,66.09,1755,medium,0.34127945490568135,evening,wed,high_risk,emandate,1189.25,1.0876335775206087,False,0,,1
case_0088,CLEAR_HARD,stolen_card,3,51.26,1032,low,0.5852364099054909,evening,sun,medium_risk,card,999.1,0.669377338402863,False,0,hard_decline,0
case_0089,CLEAR_HARD,stolen_card,3,1.96,1717,medium,0.024069737242681834,morning,tue,high_risk,card,773.89,0.5313875271509632,True,0,hard_decline,0
case_0090,AMBIGUOUS,05_do_not_honor,4,15.25,141,low,0.7461244761404474,night,mon,medium_risk,card,1038.44,0.9824980914162238,False,3,,1
case_0091,CLEAR_SOFT,insufficient_funds,1,57.35,463,low,0.4608099748747592,night,sat,low_risk,card,1873.78,0.7986604588374848,False,0,,0
case_0094,CLEAR_HARD,stolen_card,1,67.76,300,low,0.4311210564142874,evening,sun,medium_risk,upi_autopay,1951.67,0.47168888989643715,False,0,hard_decline;anomalous_amount,0
case_0095,CLEAR_SOFT,expired_card_soft,1,71.3,944,high,0.5338830078609873,afternoon,sun,high_risk,upi_autopay,648.29,0.9875435939574623,False,0,,1
case_0096,CLEAR_SOFT,51_insufficient_funds,2,45.84,757,low,0.22223359134301415,afternoon,mon,medium_risk,upi_autopay,560.6,0.9484678852906437,False,0,,1
case_0097,CLEAR_HARD,stolen_card,1,41.88,54,low,0.4323094865711541,evening,sun,low_risk,card,967.37,1.130736360834903,False,0,hard_decline,0
case_0098,CLEAR_SOFT,51_insufficient_funds,2,68.63,900,medium,0.5956400304259329,morning,mon,low_risk,upi_autopay,1286.96,0.7759986104199379,False,0,,1
case_0099,CLEAR_SOFT,insufficient_funds,2,3.06,379,medium,0.5353182722276015,evening,thu,high_risk,upi_autopay,546.46,1.0144875386842702,False,0,,1
case_0100,AMBIGUOUS,05_do_not_honor,5,61.18,1059,medium,0.9144932120470649,early_morning,sat,low_risk,upi_autopay,1060.97,0.70851727368753,False,0,npci_retry_cap_reached,1
case_0101,CLEAR_SOFT,expired_card_soft,1,52.86,411,low,0.4093847129838652,morning,mon,high_risk,card,873.23,0.5657635933846898,False,0,,0
case_0102,CLEAR_SOFT,insufficient_funds,2,24.12,1525,high,0.7064377618741833,evening,fri,low_risk,upi_autopay,951.77,0.8626893867987694,False,0,,1
case_0103,CLEAR_SOFT,51_insufficient_funds,2,20.13,83,low,0.6036840617984994,morning,wed,medium_risk,card,1117.25,0.9052473502146938,True,1,,1
case_0105,CLEAR_SOFT,insufficient_funds,2,34.55,1770,low,0.6736450106329374,evening,thu,high_risk,upi_autopay,1185.55,0.9179705511956197,False,0,,0
case_0106,AMBIGUOUS,issuer_unavailable,1,13.43,536,low,0.4648764811207179,morning,thu,low_risk,upi_autopay,3462.92,0.7630858876242252,False,0,,0
case_0107,CLEAR_HARD,lost_card,1,2.81,907,low,0.6515845030391404,morning,wed,high_risk,emandate,3082.25,1.0790141329963692,False,0,hard_decline,0
case_0108,CLEAR_SOFT,expired_card_soft,2,19.05,50,low,0.5666830968011497,evening,wed,low_risk,card,633.29,1.1089509930915904,False,0,,0
case_0109,AMBIGUOUS,05_do_not_honor,5,38.29,573,medium,0.4848350756476917,evening,wed,high_risk,emandate,370.6,1.3524013648588147,True,1,,1
case_0110,CLEAR_SOFT,51_insufficient_funds,3,61.69,179,medium,0.5475555184087734,evening,mon,low_risk,upi_autopay,1247.7,1.1977160417654489,False,2,,1
case_0111,CLEAR_SOFT,insufficient_funds,1,25.34,1024,high,0.5786421902784661,early_morning,mon,medium_risk,upi_autopay,1822.17,1.1331566059519231,False,0,,1
case_0112,AMBIGUOUS,generic_decline,1,4.24,1090,low,0.3745402105200095,morning,sun,low_risk,upi_autopay,1338.79,0.8557944217031577,False,0,,1
case_0114,CLEAR_HARD,stolen_card,1,68.39,1347,low,0.2947491109271082,afternoon,wed,low_risk,upi_autopay,1216.59,0.5825961040923427,False,0,hard_decline,0
case_0115,CLEAR_SOFT,51_insufficient_funds,1,27.28,1073,medium,0.32257129825945635,afternoon,sun,low_risk,upi_autopay,3187.5,0.810083359961549,False,0,,0
case_0116,CLEAR_HARD,restricted_card,3,44.1,1346,high,0.44535046628047725,afternoon,wed,low_risk,emandate,506.67,1.3020484892934683,True,1,hard_decline,0
case_0117,AMBIGUOUS,issuer_unavailable,1,50.99,1113,low,0.5524585030247346,night,sun,medium_risk,card,1644.33,0.5278104935701224,False,0,,1
case_0118,CLEAR_HARD,invalid_account,2,71.64,143,low,0.4408646912165772,night,fri,low_risk,upi_autopay,570.05,1.1843001054901119,False,1,hard_decline,0
case_0119,AMBIGUOUS,05_do_not_honor,1,35.86,1044,high,0.5301609827147368,afternoon,thu,low_risk,card,1433.68,1.311260809309515,False,0,,0
case_0120,CLEAR_HARD,invalid_account,1,6.4,35,high,0.30620589926240094,afternoon,tue,medium_risk,emandate,1296.66,1.3039295865254037,False,0,hard_decline,0
case_0122,CLEAR_SOFT,insufficient_funds,3,53.86,151,medium,0.0517076252787911,morning,tue,low_risk,emandate,1719.3,1.1744190021977197,False,1,,0
case_0125,CLEAR_SOFT,51_insufficient_funds,2,3.53,718,medium,0.34222429721026226,evening,mon,low_risk,card,886.47,0.4513312401875568,True,0,anomalous_amount,1
case_0126,CLEAR_SOFT,51_insufficient_funds,3,42.58,618,high,0.05059596480565778,afternoon,wed,low_risk,upi_autopay,775.8,1.0873986818457884,True,0,peak_window_risk,0
case_0127,CLEAR_SOFT,51_insufficient_funds,3,57.79,174,high,0.5880717675980347,night,thu,low_risk,card,1792.93,1.5539925761971112,False,2,anomalous_amount,0
case_0129,CLEAR_SOFT,insufficient_funds,2,65.77,1610,medium,0.09532669389799586,early_morning,sun,medium_risk,emandate,1073.31,0.9722184047622128,False,1,,0
case_0130,CLEAR_SOFT,51_insufficient_funds,1,27.02,1735,low,0.07410026236901071,morning,tue,medium_risk,card,1528.2,1.1051944095062485,True,0,,1
case_0132,CLEAR_SOFT,insufficient_funds,3,0.28,817,low,0.6410515187168024,night,sun,low_risk,card,652.49,0.6738984782419777,False,0,,0
case_0134,AMBIGUOUS,05_do_not_honor,4,67.09,1031,medium,0.06592904853541634,night,sat,medium_risk,emandate,1378.52,0.7723293780817054,False,3,,0
case_0135,AMBIGUOUS,generic_decline,1,41.39,1568,high,0.661681486883009,early_morning,wed,medium_risk,upi_autopay,417.84,0.8808997393185343,False,0,,1
case_0137,CLEAR_SOFT,insufficient_funds,3,57.64,1539,medium,0.2515645396437723,afternoon,thu,high_risk,upi_autopay,1060.6,1.0581815032462107,False,0,,0
case_0138,AMBIGUOUS,generic_decline,1,49.59,957,high,0.3154471867986562,early_morning,thu,high_risk,card,581.47,0.6468103165864107,False,0,,1
case_0139,CLEAR_HARD,lost_card,5,36.88,1438,medium,0.5081689900159051,evening,thu,low_risk,card,739.93,1.2238326707308018,False,4,hard_decline,0
case_0140,CLEAR_SOFT,51_insufficient_funds,1,41.42,174,low,0.6043843929478722,evening,thu,low_risk,upi_autopay,2373.46,0.5158773209401234,True,0,peak_window_risk,0
case_0141,AMBIGUOUS,05_do_not_honor,3,48.54,951,high,0.5076870578591315,early_morning,fri,medium_risk,emandate,199.0,1.060829108174811,False,0,,0
case_0142,AMBIGUOUS,05_do_not_honor,1,18.7,258,low,0.8598768897286319,early_morning,fri,high_risk,upi_autopay,990.56,1.3418547171150583,False,0,,0
case_0143,AMBIGUOUS,05_do_not_honor,4,25.44,1219,high,0.5768623519179552,afternoon,fri,medium_risk,upi_autopay,2054.18,0.8882908584715946,False,1,npci_retry_cap_reached,0
case_0144,CLEAR_HARD,lost_card,1,20.34,1056,high,0.3779513916190831,night,sat,low_risk,card,792.19,0.7562429516550868,False,0,hard_decline,0
case_0145,CLEAR_SOFT,51_insufficient_funds,2,46.31,1163,low,0.5455547890741721,evening,tue,medium_risk,upi_autopay,2078.88,1.0893725793160804,False,1,,0
case_0146,CLEAR_SOFT,51_insufficient_funds,3,67.65,1206,medium,0.4191102404324839,morning,wed,low_risk,card,1853.01,0.7412035112453945,True,1,,1
case_0148,CLEAR_SOFT,51_insufficient_funds,5,71.04,173,low,0.31313251489498656,early_morning,wed,low_risk,upi_autopay,991.56,1.2701539295155098,False,4,npci_retry_cap_reached,0
case_0149,CLEAR_HARD,lost_card,3,48.49,818,low,0.7153999198145468,evening,mon,medium_risk,card,1603.14,0.9806283295925847,False,1,hard_decline,0
case_0151,CLEAR_SOFT,expired_card_soft,3,37.29,611,low,0.6381967740066389,night,thu,low_risk,card,783.47,0.7416309765182655,False,0,,1
case_0152,CLEAR_SOFT,expired_card_soft,4,47.08,1306,high,0.058450731271532164,evening,sat,low_risk,upi_autopay,711.09,0.9856960464347367,False,0,npci_retry_cap_reached,0
case_0153,AMBIGUOUS,05_do_not_honor,1,34.05,1168,high,0.7742757584462179,early_morning,mon,medium_risk,upi_autopay,698.94,1.4246432618303877,False,0,,0
case_0154,CLEAR_SOFT,51_insufficient_funds,4,20.06,1293,low,0.6473628668799318,early_morning,thu,low_risk,upi_autopay,1174.13,1.1381078497129806,False,2,npci_retry_cap_reached,0
case_0155,AMBIGUOUS,05_do_not_honor,1,70.95,1301,low,0.6772259730370304,morning,thu,medium_risk,card,489.44,0.8212109072456661,False,0,,1
case_0157,CLEAR_SOFT,expired_card_soft,1,52.1,1560,low,0.17500135126564284,morning,fri,medium_risk,emandate,1177.56,1.1888587663908425,False,0,,1
case_0160,CLEAR_HARD,invalid_account,5,7.08,95,medium,0.8525321851096632,morning,fri,high_risk,card,660.37,1.199377662679808,False,0,hard_decline,0
case_0161,CLEAR_HARD,stolen_card,4,43.09,652,low,0.3743729108314983,evening,sun,high_risk,card,1202.85,1.2751781690390975,False,0,hard_decline,0
case_0162,CLEAR_SOFT,expired_card_soft,1,48.38,1288,medium,0.24032314158946957,early_morning,fri,low_risk,upi_autopay,504.67,0.8329017117367435,True,0,peak_window_risk,1
case_0163,CLEAR_HARD,stolen_card,4,14.04,35,medium,0.44453057686592323,night,thu,medium_risk,card,1404.92,0.8587335276909573,False,3,hard_decline,0
case_0167,CLEAR_SOFT,51_insufficient_funds,1,68.51,268,medium,0.5677826295525243,afternoon,wed,low_risk,card,1418.53,0.9485587028897124,False,0,,1
case_0168,CLEAR_SOFT,51_insufficient_funds,1,30.32,177,low,0.09684959796562963,afternoon,wed,low_risk,upi_autopay,362.68,1.026519109264408,False,0,,0
case_0169,CLEAR_SOFT,insufficient_funds,5,4.46,68,low,0.5676920467919392,evening,thu,medium_risk,upi_autopay,2139.22,0.8253846030589165,True,0,npci_retry_cap_reached;peak_window_risk,0
case_0171,AMBIGUOUS,05_do_not_honor,1,48.38,1448,medium,0.8900601220868521,morning,tue,low_risk,card,862.79,1.4220269990789627,False,0,,1
case_0172,CLEAR_SOFT,51_insufficient_funds,1,22.66,579,medium,0.4641674906787102,afternoon,mon,medium_risk,upi_autopay,841.49,1.0608516622200435,False,0,,1
case_0173,AMBIGUOUS,issuer_unavailable,1,40.09,349,medium,0.45168033344113995,early_morning,tue,low_risk,emandate,733.63,1.2884550000091948,True,0,,1
case_0174,CLEAR_HARD,invalid_account,2,37.69,1633,high,0.4465415271006028,night,sun,medium_risk,card,945.68,1.0534102422245777,False,0,hard_decline,0
case_0175,AMBIGUOUS,generic_decline,1,24.64,1190,low,0.6009995748711471,evening,thu,medium_risk,emandate,216.53,0.8370576224843375,False,0,,0
case_0176,CLEAR_SOFT,insufficient_funds,1,13.53,53,high,0.3892590963813228,early_morning,fri,medium_risk,upi_autopay,1091.2,0.8974460481451675,False,0,,1
case_0178,AMBIGUOUS,05_do_not_honor,4,31.83,1246,medium,0.7005160478551101,afternoon,fri,medium_risk,emandate,1070.41,0.4159372229629402,True,1,anomalous_amount,1
case_0179,AMBIGUOUS,05_do_not_honor,3,61.5,763,low,0.6938096852875926,evening,fri,low_risk,upi_autopay,3382.2,1.0940988316177773,False,1,,1
case_0180,AMBIGUOUS,05_do_not_honor,2,55.11,966,low,0.5776108376334067,night,wed,low_risk,card,793.95,0.9126283533457735,False,1,,0
case_0181,CLEAR_HARD,lost_card,3,11.12,543,medium,0.7993936361736761,night,sun,low_risk,card,351.57,1.3594567272260847,False,0,hard_decline,0
case_0184,AMBIGUOUS,issuer_unavailable,1,62.6,1594,medium,0.5641864135628453,evening,mon,low_risk,card,423.54,0.8759100559783457,False,0,,1
case_0185,CLEAR_SOFT,51_insufficient_funds,2,50.01,663,low,0.25315561000835124,afternoon,fri,medium_risk,emandate,999.82,1.075680088719329,False,0,,0
case_0186,AMBIGUOUS,05_do_not_honor,2,4.45,1454,high,0.36004214197539064,early_morning,thu,medium_risk,card,516.13,1.0316915643904037,False,0,,0
case_0188,CLEAR_HARD,restricted_card,1,63.24,606,low,0.47551103017467083,early_morning,tue,low_risk,card,4678.27,0.7672134028859677,False,0,hard_decline,0
case_0190,AMBIGUOUS,generic_decline,3,61.36,1507,high,0.686032602312139,evening,tue,medium_risk,emandate,1264.46,0.6260745372908559,False,1,,1
case_0192,CLEAR_SOFT,insufficient_funds,1,54.09,810,low,0.4592692610669375,morning,wed,low_risk,upi_autopay,1582.09,0.8528573601968921,False,0,,0
case_0193,CLEAR_HARD,invalid_account,2,49.01,1478,medium,0.6975329099374264,early_morning,thu,high_risk,emandate,720.86,0.9104545824071876,False,1,hard_decline,0
case_0194,CLEAR_SOFT,insufficient_funds,1,23.38,39,medium,0.38499084628012953,early_morning,mon,low_risk,upi_autopay,654.32,1.1914595535599288,False,0,,1
case_0195,CLEAR_HARD,restricted_card,2,40.88,268,low,0.5806904558241104,night,sat,medium_risk,emandate,1144.36,0.8774338467655056,False,0,hard_decline,0
case_0196,CLEAR_SOFT,51_insufficient_funds,1,34.27,1112,medium,0.4273899378400723,afternoon,thu,medium_risk,emandate,956.76,0.8807789852364412,False,0,,1
case_0198,CLEAR_HARD,lost_card,1,26.69,386,low,0.2282746421574078,afternoon,sat,medium_risk,upi_autopay,875.79,1.0850272277169992,False,0,hard_decline,0
case_0199,CLEAR_SOFT,expired_card_soft,5,18.34,245,medium,0.9771602610572157,afternoon,sun,low_risk,upi_autopay,1287.59,0.9065864103420915,False,0,npci_retry_cap_reached,0
case_0200,CLEAR_SOFT,expired_card_soft,2,39.39,1471,medium,0.7252326526020004,night,thu,medium_risk,upi_autopay,1262.91,0.7040763238476746,False,0,,0
case_0201,CLEAR_SOFT,expired_card_soft,2,10.0,1635,medium,0.17765993921807383,night,wed,low_risk,upi_autopay,1844.23,0.8511597580836384,False,1,,0
case_0202,CLEAR_HARD,stolen_card,1,6.56,1570,medium,0.4570154795251443,morning,sun,high_risk,emandate,2976.61,1.097452363954677,True,0,hard_decline,0
case_0203,CLEAR_HARD,stolen_card,1,35.85,267,low,0.31131124078897376,evening,tue,low_risk,card,1134.2,0.7634805630771979,True,0,hard_decline,0
case_0204,CLEAR_SOFT,insufficient_funds,2,5.17,372,high,0.43694048450204453,evening,mon,low_risk,card,421.19,0.7174451091065643,False,1,,0
case_0205,CLEAR_SOFT,insufficient_funds,2,10.98,281,low,0.6467357219977022,night,fri,low_risk,card,1761.72,0.6155012344367544,False,0,,0
case_0207,AMBIGUOUS,05_do_not_honor,2,19.09,630,high,0.8291728569914871,early_morning,tue,high_risk,card,949.86,0.7733483525020768,False,0,,0
case_0208,CLEAR_SOFT,51_insufficient_funds,2,20.25,1241,low,0.4334697543262347,night,wed,medium_risk,card,482.68,0.7915977125090234,False,0,,1
case_0209,CLEAR_HARD,invalid_account,1,38.83,1119,low,0.7818438435845592,morning,tue,medium_risk,upi_autopay,4201.93,1.2991768513076412,False,0,hard_decline,0
case_0210,CLEAR_HARD,invalid_account,2,6.87,1307,high,0.3192140071295233,morning,wed,low_risk,card,485.92,0.616283885183534,False,1,hard_decline,0
case_0211,AMBIGUOUS,05_do_not_honor,3,71.75,283,medium,0.10849416476710705,early_morning,thu,medium_risk,emandate,1001.54,0.9209296260043276,False,0,,1
case_0212,CLEAR_SOFT,insufficient_funds,2,34.16,465,medium,0.4639317665289383,evening,mon,high_risk,card,2075.81,0.8251232057965419,False,0,,0
case_0213,CLEAR_SOFT,51_insufficient_funds,4,17.92,32,medium,0.8296801264399497,evening,sat,medium_risk,card,2131.55,1.1932286911274972,False,0,,1
case_0214,CLEAR_SOFT,expired_card_soft,3,58.09,188,low,0.690867786203426,evening,sun,medium_risk,card,1539.12,0.9987002495551964,True,0,,0
case_0215,CLEAR_SOFT,51_insufficient_funds,3,53.73,1360,low,0.5619873824134168,morning,mon,medium_risk,card,706.17,0.8946007257825866,False,0,,1
case_0216,CLEAR_SOFT,insufficient_funds,1,15.73,1586,low,0.798140301166208,evening,wed,low_risk,card,1317.11,1.1405572331614091,False,0,,1
case_0217,AMBIGUOUS,05_do_not_honor,3,51.7,448,low,0.8328822257191485,evening,thu,medium_risk,card,2062.05,1.033740442061134,False,1,,1
case_0218,CLEAR_SOFT,insufficient_funds,5,58.82,1233,medium,0.6438851149408804,early_morning,sat,high_risk,emandate,807.12,1.107017014027092,False,4,,1
case_0219,CLEAR_HARD,restricted_card,1,9.34,1619,high,0.2231338329261418,morning,tue,medium_risk,card,661.24,0.9803536003199136,False,0,hard_decline,0
case_0220,CLEAR_HARD,restricted_card,3,71.81,626,low,0.7164999152743378,early_morning,sun,low_risk,card,1020.4,1.3640391476681097,False,2,hard_decline,0
case_0222,CLEAR_SOFT,insufficient_funds,2,8.97,1010,medium,0.3582725210946187,afternoon,tue,low_risk,upi_autopay,933.9,0.9287653752146906,False,1,,1
case_0224,CLEAR_HARD,stolen_card,1,37.58,561,medium,0.17331309968329706,early_morning,sat,medium_risk,emandate,841.25,0.6104661262380169,False,0,hard_decline,0
case_0225,AMBIGUOUS,generic_decline,1,53.76,28,medium,0.353337644080482,afternoon,wed,low_risk,upi_autopay,263.27,1.0736797672794234,False,0,,1
case_0226,CLEAR_HARD,lost_card,1,21.96,310,low,0.6821251432143628,morning,mon,low_risk,card,1455.65,1.036489853486867,False,0,hard_decline,0
case_0227,CLEAR_HARD,stolen_card,3,21.73,66,high,0.26654727492844527,morning,thu,low_risk,card,641.46,0.5242178672961243,False,0,hard_decline,0
case_0228,CLEAR_SOFT,insufficient_funds,1,59.36,752,low,0.7140001301618498,afternoon,sun,low_risk,upi_autopay,1435.09,0.9537221464012363,True,0,peak_window_risk,1
case_0229,CLEAR_SOFT,insufficient_funds,2,59.65,1723,medium,0.17595544591565665,night,tue,low_risk,upi_autopay,872.83,0.9682145997756131,False,0,,0
case_0230,CLEAR_SOFT,insufficient_funds,1,35.56,1544,low,0.6817280503712692,evening,wed,low_risk,card,1043.78,1.2527468363297887,False,0,,0
case_0232,CLEAR_SOFT,51_insufficient_funds,2,6.48,1204,low,0.4855002319617042,afternoon,tue,high_risk,card,1072.45,0.7806074284916107,True,0,,1
case_0233,CLEAR_SOFT,51_insufficient_funds,2,55.42,1309,medium,0.8490632085047394,evening,thu,medium_risk,card,2104.42,0.9135732115684845,False,1,,0
case_0234,AMBIGUOUS,generic_decline,1,13.73,1505,medium,0.33144592511600485,evening,fri,medium_risk,card,1069.39,1.1063013714465462,False,0,,1
case_0235,CLEAR_SOFT,insufficient_funds,2,15.22,1746,low,0.5672621992879647,morning,fri,medium_risk,upi_autopay,449.06,1.173450723735046,True,0,peak_window_risk,1
case_0236,AMBIGUOUS,05_do_not_honor,1,23.27,513,medium,0.210060354665996,night,sun,low_risk,upi_autopay,581.87,1.0631449203993295,False,0,,1
case_0238,AMBIGUOUS,05_do_not_honor,3,30.0,1568,low,0.8168931441919577,morning,tue,medium_risk,card,1447.27,1.111280581290194,False,0,,1
case_0240,CLEAR_SOFT,expired_card_soft,1,28.8,1205,medium,0.31880410893381605,night,wed,low_risk,upi_autopay,1824.59,1.3521008011834066,False,0,,1
case_0241,CLEAR_SOFT,51_insufficient_funds,3,64.89,1038,low,0.6360860595220088,evening,tue,medium_risk,card,2388.05,0.7275537720046401,False,0,,1
case_0243,AMBIGUOUS,05_do_not_honor,1,26.22,852,medium,0.5014802537076936,evening,sun,high_risk,card,1058.63,0.8401800677952969,False,0,,1
case_0244,CLEAR_HARD,restricted_card,1,28.61,0,low,0.7624801886676075,afternoon,thu,high_risk,upi_autopay,1865.74,1.3267147797889929,False,0,hard_decline,0
case_0245,CLEAR_SOFT,51_insufficient_funds,3,35.36,34,high,0.7854921455138888,morning,thu,low_risk,card,755.34,0.8217449621872913,False,2,,1
case_0246,CLEAR_HARD,lost_card,2,41.69,920,medium,0.5845882396931193,night,thu,medium_risk,upi_autopay,369.61,1.0953051805214062,False,1,hard_decline,0
case_0247,CLEAR_SOFT,51_insufficient_funds,1,65.45,1055,medium,0.7969433813247154,afternoon,sat,low_risk,card,1063.68,0.9339006033984737,False,0,,1
case_0248,CLEAR_SOFT,51_insufficient_funds,1,9.84,1429,medium,0.6050156441525538,early_morning,fri,low_risk,card,1025.39,0.9730282847911935,False,0,,0
case_0249,AMBIGUOUS,05_do_not_honor,2,17.13,800,medium,0.3126113198368521,evening,sat,medium_risk,card,1221.09,1.6437003137448365,False,0,anomalous_amount,0
case_0250,CLEAR_HARD,invalid_account,1,7.85,1254,high,0.6819029486769443,morning,thu,low_risk,emandate,1050.62,0.9895252292506651,False,0,hard_decline,0
case_0251,CLEAR_SOFT,51_insufficient_funds,1,41.2,1612,medium,0.11482981733378589,night,wed,medium_risk,emandate,1822.03,0.8802537210830207,False,0,,1
case_0254,CLEAR_HARD,lost_card,1,17.55,423,low,0.772961696745184,early_morning,wed,high_risk,card,381.0,1.0089585458569104,False,0,hard_decline,0
case_0255,AMBIGUOUS,05_do_not_honor,4,22.37,296,low,0.5850451801844126,morning,sat,medium_risk,emandate,487.32,0.6841615568492578,False,3,,0
case_0256,CLEAR_SOFT,51_insufficient_funds,2,55.21,295,medium,0.2349856768104524,afternoon,fri,low_risk,card,566.07,0.7738671598779837,False,1,,1
case_0257,CLEAR_SOFT,expired_card_soft,2,60.48,1582,medium,0.6687194366938374,early_morning,mon,high_risk,card,1480.71,1.0241045571747205,False,0,,1
case_0258,CLEAR_SOFT,insufficient_funds,4,10.85,572,low,0.13224489917058135,night,sat,low_risk,upi_autopay,634.74,1.4077293968375293,False,0,npci_retry_cap_reached,0
case_0259,CLEAR_HARD,stolen_card,2,12.14,282,low,0.1436305503418617,morning,thu,low_risk,upi_autopay,2160.26,0.8135680125327335,False,1,hard_decline,0
case_0260,CLEAR_SOFT,51_insufficient_funds,1,12.56,1055,low,0.3553448927909221,morning,sat,low_risk,card,985.49,0.7384813394541763,False,0,,0
case_0261,CLEAR_HARD,invalid_account,3,62.05,1022,low,0.4195977773279599,morning,fri,medium_risk,upi_autopay,1801.46,0.6534277162988228,False,1,hard_decline,0
case_0263,AMBIGUOUS,05_do_not_honor,2,16.37,1499,medium,0.40632650455670777,afternoon,sat,high_risk,card,990.22,1.0871281578413838,False,0,,0
case_0264,CLEAR_SOFT,insufficient_funds,1,42.45,807,high,0.38680595707286713,afternoon,wed,medium_risk,card,1886.13,0.7690047139254353,False,0,,0
case_0266,CLEAR_SOFT,expired_card_soft,2,31.9,620,medium,0.6415559506885347,evening,mon,low_risk,emandate,1679.35,1.2382490570989841,False,1,,1
case_0269,CLEAR_SOFT,51_insufficient_funds,1,63.06,1075,medium,0.6846630660317673,afternoon,sat,low_risk,upi_autopay,2095.18,0.6356372935626875,False,0,,0
case_0270,AMBIGUOUS,generic_decline,4,27.5,1381,medium,0.20187773390959543,morning,tue,low_risk,upi_autopay,2892.19,0.9936345274707149,False,1,npci_retry_cap_reached,0
case_0271,CLEAR_HARD,invalid_account,1,48.11,1365,high,0.45815542929394654,evening,sat,low_risk,card,1045.33,1.1365428190848814,False,0,hard_decline,1
case_0272,CLEAR_SOFT,insufficient_funds,2,45.95,622,low,0.33561852543146287,night,sun,low_risk,card,961.24,1.0315994448201486,False,1,,0
case_0274,CLEAR_HARD,restricted_card,1,47.36,1167,high,0.04976330452480723,early_morning,mon,low_risk,emandate,705.03,1.0016089211442025,False,0,hard_decline,0
case_0275,AMBIGUOUS,05_do_not_honor,3,71.79,70,medium,0.18275160976601143,morning,tue,medium_risk,card,1468.94,0.6525179171593026,False,1,,0
case_0276,CLEAR_SOFT,51_insufficient_funds,2,27.91,1731,medium,0.20903143067444693,early_morning,thu,low_risk,emandate,1180.85,0.874403295933176,False,1,,0
case_0277,CLEAR_SOFT,expired_card_soft,1,19.27,1380,low,0.579557514600413,early_morning,wed,low_risk,card,2636.23,0.835023236933664,False,0,,1
case_0278,CLEAR_HARD,invalid_account,5,43.27,670,medium,0.29834834567275526,early_morning,sun,low_risk,upi_autopay,1079.38,1.2739091974854946,False,1,npci_retry_cap_reached;hard_decline,0
case_0279,CLEAR_SOFT,51_insufficient_funds,3,32.08,34,medium,0.25539607497851946,night,thu,low_risk,card,2124.9,0.8065521965724086,False,0,,1
